,count,mean,std,min,25%,50%,75%,max,skew,kurtosis
ID,1077.0,10.532033426183844,5.681456241572573,1.0,6.0,10.0,16.0,20.0,0.06102079050051536,-1.2491433570344292
Side,1077.0,1.501392757660167,0.5002303473708599,1.0,1.0,2.0,2.0,2.0,-0.005578825213396369,-2.003693213591189
Window,1077.0,161.84958217270196,102.74780378405212,0.0,72.0,156.0,240.0,480.0,0.2633566727645318,-0.7968741702899376
cnn_feat_0_mean,1077.0,0.0035855076275765896,0.004493440501391888,0.0,0.0,0.0013436040608212352,0.00662441598251462,0.020393693819642067,1.2035549879074097,0.5722972750663757
cnn_feat_0_std,1077.0,0.0,0.0,0.0,0.0,0.0,0.0,0.0,0.0,0.0
cnn_feat_0_min,1077.0,0.0035855076275765896,0.004493440501391888,0.0,0.0,0.0013436040608212352,0.00662441598251462,0.020393693819642067,1.2035549879074097,0.5722972750663757
cnn_feat_0_max,1077.0,0.0035855076275765896,0.004493440501391888,0.0,0.0,0.0013436040608212352,0.00662441598251462,0.020393693819642067,1.2035549879074097,0.5722972750663757
cnn_feat_1_mean,1077.0,0.05350710451602936,0.01243948470801115,0.027434321120381355,0.044204071164131165,0.05290386825799942,0.06284349411725998,0.09293878823518753,0.19840244948863983,-0.640720009803772
cnn_feat_1_std,1077.0,0.0,0.0,0.0,0.0,0.0,0.0,0.0,0.0,0.0
cnn_feat_1_min,1077.0,0.05350710451602936,0.01243948470801115,0.027434321120381355,0.044204071164131165,0.05290386825799942,0.06284349411725998,0.09293878823518753,0.19840244948863983,-0.640720009803772
cnn_feat_1_max,1077.0,0.05350710451602936,0.01243948470801115,0.027434321120381355,0.044204071164131165,0.05290386825799942,0.06284349411725998,0.09293878823518753,0.19840244948863983,-0.640720009803772
cnn_feat_2_mean,1077.0,0.044347815215587616,0.009175330400466919,0.013675526715815067,0.03765013441443443,0.04307923465967178,0.05284116789698601,0.06340891122817993,-0.16594913601875305,-0.654484212398529
cnn_feat_2_std,1077.0,0.0,0.0,0.0,0.0,0.0,0.0,0.0,0.0,0.0
cnn_feat_2_min,1077.0,0.044347815215587616,0.009175330400466919,0.013675526715815067,0.03765013441443443,0.04307923465967178,0.05284116789698601,0.06340891122817993,-0.16594913601875305,-0.654484212398529
cnn_feat_2_max,1077.0,0.044347815215587616,0.009175330400466919,0.013675526715815067,0.03765013441443443,0.04307923465967178,0.05284116789698601,0.06340891122817993,-0.16594913601875305,-0.654484212398529
cnn_feat_3_mean,1077.0,0.013635038398206234,0.008898882195353508,0.0,0.0057128737680613995,0.01347694918513298,0.02137923426926136,0.034466590732336044,0.0740019753575325,-1.2202585935592651
cnn_feat_3_std,1077.0,0.0,0.0,0.0,0.0,0.0,0.0,0.0,0.0,0.0
cnn_feat_3_min,1077.0,0.013635038398206234,0.008898882195353508,0.0,0.0057128737680613995,0.01347694918513298,0.02137923426926136,0.034466590732336044,0.0740019753575325,-1.2202585935592651
cnn_feat_3_max,1077.0,0.013635038398206234,0.008898882195353508,0.0,0.0057128737680613995,0.01347694918513298,0.02137923426926136,0.034466590732336044,0.0740019753575325,-1.2202585935592651
cnn_feat_4_mean,1077.0,0.041332706809043884,0.032408494502305984,0.0,0.0035530715249478817,0.04398364573717117,0.07121121138334274,0.09725499898195267,0.011060934513807297,-1.4803916215896606
cnn_feat_4_std,1077.0,0.0,0.0,0.0,0.0,0.0,0.0,0.0,0.0,0.0
cnn_feat_4_min,1077.0,0.041332706809043884,0.032408494502305984,0.0,0.0035530715249478817,0.04398364573717117,0.07121121138334274,0.09725499898195267,0.011060934513807297,-1.4803916215896606
cnn_feat_4_max,1077.0,0.041332706809043884,0.032408494502305984,0.0,0.0035530715249478817,0.04398364573717117,0.07121121138334274,0.09725499898195267,0.011060934513807297,-1.4803916215896606
cnn_feat_5_mean,1077.0,0.002803357085213065,0.0030594486743211746,0.00026468755095265806,0.0009125083452090621,0.0014575415989384055,0.00311829661950469,0.014223435893654823,1.7922724485397339,2.2212162017822266
cnn_feat_5_std,1077.0,0.0,0.0,0.0,0.0,0.0,0.0,0.0,0.0,0.0
cnn_feat_5_min,1077.0,0.002803357085213065,0.0030594486743211746,0.00026468755095265806,0.0009125083452090621,0.0014575415989384055,0.00311829661950469,0.014223435893654823,1.7922724485397339,2.2212162017822266
cnn_feat_5_max,1077.0,0.002803357085213065,0.0030594486743211746,0.00026468755095265806,0.0009125083452090621,0.0014575415989384055,0.00311829661950469,0.014223435893654823,1.7922724485397339,2.2212162017822266
cnn_feat_6_mean,1077.0,0.020046258345246315,0.003918847534805536,0.007168387062847614,0.017569756135344505,0.01990528218448162,0.02250351756811142,0.03580988571047783,0.19548654556274414,0.6511070728302002
cnn_feat_6_std,1077.0,0.0,0.0,0.0,0.0,0.0,0.0,0.0,0.0,0.0
cnn_feat_6_min,1077.0,0.020046258345246315,0.003918847534805536,0.007168387062847614,0.017569756135344505,0.01990528218448162,0.02250351756811142,0.03580988571047783,0.19548654556274414,0.6511070728302002
cnn_feat_6_max,1077.0,0.020046258345246315,0.003918847534805536,0.007168387062847614,0.017569756135344505,0.01990528218448162,0.02250351756811142,0.03580988571047783,0.19548654556274414,0.6511070728302002
cnn_feat_7_mean,1077.0,0.04984579235315323,0.014750133268535137,0.014349540695548058,0.037562109529972076,0.05134117603302002,0.0633469745516777,0.07704441994428635,-0.19355642795562744,-1.115967869758606
cnn_feat_7_std,1077.0,0.0,0.0,0.0,0.0,0.0,0.0,0.0,0.0,0.0
cnn_feat_7_min,1077.0,0.04984579235315323,0.014750133268535137,0.014349540695548058,0.037562109529972076,0.05134117603302002,0.0633469745516777,0.07704441994428635,-0.19355642795562744,-1.115967869758606
cnn_feat_7_max,1077.0,0.04984579235315323,0.014750133268535137,0.014349540695548058,0.037562109529972076,0.05134117603302002,0.0633469745516777,0.07704441994428635,-0.19355642795562744,-1.115967869758606
cnn_feat_8_mean,1077.0,0.023440442979335785,0.01488447654992342,0.00014363009540829808,0.013031566515564919,0.02022898755967617,0.03491184860467911,0.06006808206439018,0.36307862401008606,-0.7736373543739319
cnn_feat_8_std,1077.0,0.0,0.0,0.0,0.0,0.0,0.0,0.0,0.0,0.0
cnn_feat_8_min,1077.0,0.023440442979335785,0.01488447654992342,0.00014363009540829808,0.013031566515564919,0.02022898755967617,0.03491184860467911,0.06006808206439018,0.36307862401008606,-0.7736373543739319
cnn_feat_8_max,1077.0,0.023440442979335785,0.01488447654992342,0.00014363009540829808,0.013031566515564919,0.02022898755967617,0.03491184860467911,0.06006808206439018,0.36307862401008606,-0.7736373543739319
cnn_feat_9_mean,1077.0,0.0,0.0,0.0,0.0,0.0,0.0,0.0,0.0,0.0
cnn_feat_9_std,1077.0,0.0,0.0,0.0,0.0,0.0,0.0,0.0,0.0,0.0
cnn_feat_9_min,1077.0,0.0,0.0,0.0,0.0,0.0,0.0,0.0,0.0,0.0
cnn_feat_9_max,1077.0,0.0,0.0,0.0,0.0,0.0,0.0,0.0,0.0,0.0
cnn_feat_10_mean,1077.0,0.003825659630820155,0.005063737276941538,0.0,0.00011284882202744484,0.0008974943775683641,0.006690994370728731,0.021533504128456116,1.269324541091919,0.39206722378730774
cnn_feat_10_std,1077.0,0.0,0.0,0.0,0.0,0.0,0.0,0.0,0.0,0.0
cnn_feat_10_min,1077.0,0.003825659630820155,0.005063737276941538,0.0,0.00011284882202744484,0.0008974943775683641,0.006690994370728731,0.021533504128456116,1.269324541091919,0.39206722378730774
cnn_feat_10_max,1077.0,0.003825659630820155,0.005063737276941538,0.0,0.00011284882202744484,0.0008974943775683641,0.006690994370728731,0.021533504128456116,1.269324541091919,0.39206722378730774
cnn_feat_11_mean,1077.0,0.018933920189738274,0.006185573060065508,0.005760489497333765,0.014768458902835846,0.018346533179283142,0.021647140383720398,0.04017449915409088,0.6585759520530701,0.32995596528053284
cnn_feat_11_std,1077.0,0.0,0.0,0.0,0.0,0.0,0.0,0.0,0.0,0.0
cnn_feat_11_min,1077.0,0.018933920189738274,0.006185573060065508,0.005760489497333765,0.014768458902835846,0.018346533179283142,0.021647140383720398,0.04017449915409088,0.6585759520530701,0.32995596528053284
cnn_feat_11_max,1077.0,0.018933920189738274,0.006185573060065508,0.005760489497333765,0.014768458902835846,0.018346533179283142,0.021647140383720398,0.04017449915409088,0.6585759520530701,0.32995596528053284
cnn_feat_12_mean,1077.0,3.8325547393469606e-06,3.04199056699872e-05,0.0,0.0,0.0,0.0,0.0006593702710233629,13.419716835021973,233.9869384765625
cnn_feat_12_std,1077.0,0.0,0.0,0.0,0.0,0.0,0.0,0.0,0.0,0.0
cnn_feat_12_min,1077.0,3.8325547393469606e-06,3.04199056699872e-05,0.0,0.0,0.0,0.0,0.0006593702710233629,13.419716835021973,233.9869384765625
cnn_feat_12_max,1077.0,3.8325547393469606e-06,3.04199056699872e-05,0.0,0.0,0.0,0.0,0.0006593702710233629,13.419716835021973,233.9869384765625
cnn_feat_13_mean,1077.0,0.024973295629024506,0.017591970041394234,0.0009563026833347976,0.010193657130002975,0.023744232952594757,0.037532102316617966,0.07722260802984238,0.3837789297103882,-0.7433107495307922
cnn_feat_13_std,1077.0,0.0,0.0,0.0,0.0,0.0,0.0,0.0,0.0,0.0
cnn_feat_13_min,1077.0,0.024973295629024506,0.017591970041394234,0.0009563026833347976,0.010193657130002975,0.023744232952594757,0.037532102316617966,0.07722260802984238,0.3837789297103882,-0.7433107495307922
cnn_feat_13_max,1077.0,0.024973295629024506,0.017591970041394234,0.0009563026833347976,0.010193657130002975,0.023744232952594757,0.037532102316617966,0.07722260802984238,0.3837789297103882,-0.7433107495307922
cnn_feat_14_mean,1077.0,0.0904533639550209,0.029216820374131203,0.0227812509983778,0.06500817835330963,0.0877830758690834,0.11711523681879044,0.1496059149503708,0.08563046157360077,-1.1626180410385132
cnn_feat_14_std,1077.0,0.0,0.0,0.0,0.0,0.0,0.0,0.0,0.0,0.0
cnn_feat_14_min,1077.0,0.0904533639550209,0.029216820374131203,0.0227812509983778,0.06500817835330963,0.0877830758690834,0.11711523681879044,0.1496059149503708,0.08563046157360077,-1.1626180410385132
cnn_feat_14_max,1077.0,0.0904533639550209,0.029216820374131203,0.0227812509983778,0.06500817835330963,0.0877830758690834,0.11711523681879044,0.1496059149503708,0.08563046157360077,-1.1626180410385132
cnn_feat_15_mean,1077.0,0.0013474652078002691,0.0020002033561468124,9.622611287340987e-06,0.0005504788132384419,0.0006446740590035915,0.0007935002213343978,0.01285390742123127,2.8715758323669434,7.6564130783081055
cnn_feat_15_std,1077.0,0.0,0.0,0.0,0.0,0.0,0.0,0.0,0.0,0.0
cnn_feat_15_min,1077.0,0.0013474652078002691,0.0020002033561468124,9.622611287340987e-06,0.0005504788132384419,0.0006446740590035915,0.0007935002213343978,0.01285390742123127,2.8715758323669434,7.6564130783081055
cnn_feat_15_max,1077.0,0.0013474652078002691,0.0020002033561468124,9.622611287340987e-06,0.0005504788132384419,0.0006446740590035915,0.0007935002213343978,0.01285390742123127,2.8715758323669434,7.6564130783081055
cnn_feat_16_mean,1077.0,0.014196895062923431,0.010248907841742039,0.00042071184725500643,0.004664249252527952,0.012471901252865791,0.02277023158967495,0.04166779667139053,0.36632949113845825,-1.0016424655914307
cnn_feat_16_std,1077.0,0.0,0.0,0.0,0.0,0.0,0.0,0.0,0.0,0.0
cnn_feat_16_min,1077.0,0.014196895062923431,0.010248907841742039,0.00042071184725500643,0.004664249252527952,0.012471901252865791,0.02277023158967495,0.04166779667139053,0.36632949113845825,-1.0016424655914307
cnn_feat_16_max,1077.0,0.014196895062923431,0.010248907841742039,0.00042071184725500643,0.004664249252527952,0.012471901252865791,0.02277023158967495,0.04166779667139053,0.36632949113845825,-1.0016424655914307
cnn_feat_17_mean,1077.0,0.0,0.0,0.0,0.0,0.0,0.0,0.0,0.0,0.0
cnn_feat_17_std,1077.0,0.0,0.0,0.0,0.0,0.0,0.0,0.0,0.0,0.0
cnn_feat_17_min,1077.0,0.0,0.0,0.0,0.0,0.0,0.0,0.0,0.0,0.0
cnn_feat_17_max,1077.0,0.0,0.0,0.0,0.0,0.0,0.0,0.0,0.0,0.0
cnn_feat_18_mean,1077.0,0.029122337698936462,0.0049594733864068985,0.008036692626774311,0.02610861510038376,0.02912152372300625,0.032265808433294296,0.04050058498978615,-0.26120948791503906,0.44577881693840027
cnn_feat_18_std,1077.0,0.0,0.0,0.0,0.0,0.0,0.0,0.0,0.0,0.0
cnn_feat_18_min,1077.0,0.029122337698936462,0.0049594733864068985,0.008036692626774311,0.02610861510038376,0.02912152372300625,0.032265808433294296,0.04050058498978615,-0.26120948791503906,0.44577881693840027
cnn_feat_18_max,1077.0,0.029122337698936462,0.0049594733864068985,0.008036692626774311,0.02610861510038376,0.02912152372300625,0.032265808433294296,0.04050058498978615,-0.26120948791503906,0.44577881693840027
cnn_feat_19_mean,1077.0,7.145231211325154e-05,0.00045312641304917634,0.0,0.0,0.0,3.323480541439494e-06,0.006722199264913797,11.074501991271973,135.9260711669922
cnn_feat_19_std,1077.0,0.0,0.0,0.0,0.0,0.0,0.0,0.0,0.0,0.0
cnn_feat_19_min,1077.0,7.145231211325154e-05,0.00045312641304917634,0.0,0.0,0.0,3.323480541439494e-06,0.006722199264913797,11.074501991271973,135.9260711669922
cnn_feat_19_max,1077.0,7.145231211325154e-05,0.00045312641304917634,0.0,0.0,0.0,3.323480541439494e-06,0.006722199264913797,11.074501991271973,135.9260711669922
cnn_feat_20_mean,1077.0,0.030326034873723984,0.022188156843185425,0.002928883535787463,0.011723242700099945,0.024305880069732666,0.04717429727315903,0.09713994711637497,0.6567034721374512,-0.723180890083313
cnn_feat_20_std,1077.0,0.0,0.0,0.0,0.0,0.0,0.0,0.0,0.0,0.0
cnn_feat_20_min,1077.0,0.030326034873723984,0.022188156843185425,0.002928883535787463,0.011723242700099945,0.024305880069732666,0.04717429727315903,0.09713994711637497,0.6567034721374512,-0.723180890083313
cnn_feat_20_max,1077.0,0.030326034873723984,0.022188156843185425,0.002928883535787463,0.011723242700099945,0.024305880069732666,0.04717429727315903,0.09713994711637497,0.6567034721374512,-0.723180890083313
cnn_feat_21_mean,1077.0,0.004666088614612818,0.004077704157680273,0.0008916027727536857,0.0019482066854834557,0.0029624905437231064,0.0060165440663695335,0.026158727705478668,2.0669121742248535,4.643826007843018
cnn_feat_21_std,1077.0,0.0,0.0,0.0,0.0,0.0,0.0,0.0,0.0,0.0
cnn_feat_21_min,1077.0,0.004666088614612818,0.004077704157680273,0.0008916027727536857,0.0019482066854834557,0.0029624905437231064,0.0060165440663695335,0.026158727705478668,2.0669121742248535,4.643826007843018
cnn_feat_21_max,1077.0,0.004666088614612818,0.004077704157680273,0.0008916027727536857,0.0019482066854834557,0.0029624905437231064,0.0060165440663695335,0.026158727705478668,2.0669121742248535,4.643826007843018
cnn_feat_22_mean,1077.0,0.0,0.0,0.0,0.0,0.0,0.0,0.0,0.0,0.0
cnn_feat_22_std,1077.0,0.0,0.0,0.0,0.0,0.0,0.0,0.0,0.0,0.0
cnn_feat_22_min,1077.0,0.0,0.0,0.0,0.0,0.0,0.0,0.0,0.0,0.0
cnn_feat_22_max,1077.0,0.0,0.0,0.0,0.0,0.0,0.0,0.0,0.0,0.0
cnn_feat_23_mean,1077.0,0.0181259922683239,0.007396926172077656,0.002997474279254675,0.012444374151527882,0.018873678520321846,0.02378927171230316,0.03497873246669769,-0.14656154811382294,-0.8452650308609009
cnn_feat_23_std,1077.0,0.0,0.0,0.0,0.0,0.0,0.0,0.0,0.0,0.0
cnn_feat_23_min,1077.0,0.0181259922683239,0.007396926172077656,0.002997474279254675,0.012444374151527882,0.018873678520321846,0.02378927171230316,0.03497873246669769,-0.14656154811382294,-0.8452650308609009
cnn_feat_23_max,1077.0,0.0181259922683239,0.007396926172077656,0.002997474279254675,0.012444374151527882,0.018873678520321846,0.02378927171230316,0.03497873246669769,-0.14656154811382294,-0.8452650308609009
cnn_feat_24_mean,1077.0,0.05331766605377197,0.01475762203335762,0.023797035217285156,0.04020168259739876,0.05619410052895546,0.06660463660955429,0.07775324583053589,-0.3995661735534668,-1.2229888439178467
cnn_feat_24_std,1077.0,0.0,0.0,0.0,0.0,0.0,0.0,0.0,0.0,0.0
cnn_feat_24_min,1077.0,0.05331766605377197,0.01475762203335762,0.023797035217285156,0.04020168259739876,0.05619410052895546,0.06660463660955429,0.07775324583053589,-0.3995661735534668,-1.2229888439178467
cnn_feat_24_max,1077.0,0.05331766605377197,0.01475762203335762,0.023797035217285156,0.04020168259739876,0.05619410052895546,0.06660463660955429,0.07775324583053589,-0.3995661735534668,-1.2229888439178467
cnn_feat_25_mean,1077.0,0.06888820230960846,0.007268291432410479,0.051941558718681335,0.06254614889621735,0.06806810200214386,0.0752434954047203,0.0903053879737854,0.238613098859787,-0.9514861106872559
cnn_feat_25_std,1077.0,0.0,0.0,0.0,0.0,0.0,0.0,0.0,0.0,0.0
cnn_feat_25_min,1077.0,0.06888820230960846,0.007268291432410479,0.051941558718681335,0.06254614889621735,0.06806810200214386,0.0752434954047203,0.0903053879737854,0.238613098859787,-0.9514861106872559
cnn_feat_25_max,1077.0,0.06888820230960846,0.007268291432410479,0.051941558718681335,0.06254614889621735,0.06806810200214386,0.0752434954047203,0.0903053879737854,0.238613098859787,-0.9514861106872559
cnn_feat_26_mean,1077.0,0.0,0.0,0.0,0.0,0.0,0.0,0.0,0.0,0.0
cnn_feat_26_std,1077.0,0.0,0.0,0.0,0.0,0.0,0.0,0.0,0.0,0.0
cnn_feat_26_min,1077.0,0.0,0.0,0.0,0.0,0.0,0.0,0.0,0.0,0.0
cnn_feat_26_max,1077.0,0.0,0.0,0.0,0.0,0.0,0.0,0.0,0.0,0.0
cnn_feat_27_mean,1077.0,0.0782369077205658,0.012905574403703213,0.05361352860927582,0.06711926311254501,0.07743212580680847,0.08842311799526215,0.11187130212783813,0.18868941068649292,-0.955433189868927
cnn_feat_27_std,1077.0,0.0,0.0,0.0,0.0,0.0,0.0,0.0,0.0,0.0
cnn_feat_27_min,1077.0,0.0782369077205658,0.012905574403703213,0.05361352860927582,0.06711926311254501,0.07743212580680847,0.08842311799526215,0.11187130212783813,0.18868941068649292,-0.955433189868927
cnn_feat_27_max,1077.0,0.0782369077205658,0.012905574403703213,0.05361352860927582,0.06711926311254501,0.07743212580680847,0.08842311799526215,0.11187130212783813,0.18868941068649292,-0.955433189868927
cnn_feat_28_mean,1077.0,5.875688202650053e-07,9.996504559239838e-06,0.0,0.0,0.0,0.0,0.0002679966273717582,22.016923904418945,533.54833984375
cnn_feat_28_std,1077.0,0.0,0.0,0.0,0.0,0.0,0.0,0.0,0.0,0.0
cnn_feat_28_min,1077.0,5.875688202650053e-07,9.996504559239838e-06,0.0,0.0,0.0,0.0,0.0002679966273717582,22.016923904418945,533.54833984375
cnn_feat_28_max,1077.0,5.875688202650053e-07,9.996504559239838e-06,0.0,0.0,0.0,0.0,0.0002679966273717582,22.016923904418945,533.54833984375
cnn_feat_29_mean,1077.0,5.995048559270799e-05,0.0002877723891288042,0.0,0.0,0.0,0.0,0.003694241400808096,7.089850425720215,59.17813491821289
cnn_feat_29_std,1077.0,0.0,0.0,0.0,0.0,0.0,0.0,0.0,0.0,0.0
cnn_feat_29_min,1077.0,5.995048559270799e-05,0.0002877723891288042,0.0,0.0,0.0,0.0,0.003694241400808096,7.089850425720215,59.17813491821289
cnn_feat_29_max,1077.0,5.995048559270799e-05,0.0002877723891288042,0.0,0.0,0.0,0.0,0.003694241400808096,7.089850425720215,59.17813491821289
cnn_feat_30_mean,1077.0,0.04452725127339363,0.009809988550841808,0.02610999532043934,0.03645778074860573,0.04170174151659012,0.05200120806694031,0.06737732887268066,0.623532772064209,-0.7408708930015564
cnn_feat_30_std,1077.0,0.0,0.0,0.0,0.0,0.0,0.0,0.0,0.0,0.0
cnn_feat_30_min,1077.0,0.04452725127339363,0.009809988550841808,0.02610999532043934,0.03645778074860573,0.04170174151659012,0.05200120806694031,0.06737732887268066,0.623532772064209,-0.7408708930015564
cnn_feat_30_max,1077.0,0.04452725127339363,0.009809988550841808,0.02610999532043934,0.03645778074860573,0.04170174151659012,0.05200120806694031,0.06737732887268066,0.623532772064209,-0.7408708930015564
cnn_feat_31_mean,1077.0,2.206777480751043e-06,1.6073896404122934e-05,0.0,0.0,0.0,0.0,0.00021294715406838804,8.941446304321289,88.53587341308594
cnn_feat_31_std,1077.0,0.0,0.0,0.0,0.0,0.0,0.0,0.0,0.0,0.0
cnn_feat_31_min,1077.0,2.206777480751043e-06,1.6073896404122934e-05,0.0,0.0,0.0,0.0,0.00021294715406838804,8.941446304321289,88.53587341308594
cnn_feat_31_max,1077.0,2.206777480751043e-06,1.6073896404122934e-05,0.0,0.0,0.0,0.0,0.00021294715406838804,8.941446304321289,88.53587341308594
cnn_feat_32_mean,1077.0,0.0009855919051915407,0.0029155625961720943,0.0,0.0,0.0,0.00027071390650235116,0.019548209384083748,3.7887320518493652,14.5943603515625
cnn_feat_32_std,1077.0,0.0,0.0,0.0,0.0,0.0,0.0,0.0,0.0,0.0
cnn_feat_32_min,1077.0,0.0009855919051915407,0.0029155625961720943,0.0,0.0,0.0,0.00027071390650235116,0.019548209384083748,3.7887320518493652,14.5943603515625
cnn_feat_32_max,1077.0,0.0009855919051915407,0.0029155625961720943,0.0,0.0,0.0,0.00027071390650235116,0.019548209384083748,3.7887320518493652,14.5943603515625
cnn_feat_33_mean,1077.0,0.05969712883234024,0.006925368215888739,0.04305824637413025,0.05476072430610657,0.05946704000234604,0.06494936347007751,0.0822586938738823,0.061478275805711746,-0.48914435505867004
cnn_feat_33_std,1077.0,0.0,0.0,0.0,0.0,0.0,0.0,0.0,0.0,0.0
cnn_feat_33_min,1077.0,0.05969712883234024,0.006925368215888739,0.04305824637413025,0.05476072430610657,0.05946704000234604,0.06494936347007751,0.0822586938738823,0.061478275805711746,-0.48914435505867004
cnn_feat_33_max,1077.0,0.05969712883234024,0.006925368215888739,0.04305824637413025,0.05476072430610657,0.05946704000234604,0.06494936347007751,0.0822586938738823,0.061478275805711746,-0.48914435505867004
cnn_feat_34_mean,1077.0,0.0020091726910322905,0.004512883257120848,0.0,0.0,0.0,0.0008462677942588925,0.024469321593642235,2.583643674850464,6.071467399597168
cnn_feat_34_std,1077.0,0.0,0.0,0.0,0.0,0.0,0.0,0.0,0.0,0.0
cnn_feat_34_min,1077.0,0.0020091726910322905,0.004512883257120848,0.0,0.0,0.0,0.0008462677942588925,0.024469321593642235,2.583643674850464,6.071467399597168
cnn_feat_34_max,1077.0,0.0020091726910322905,0.004512883257120848,0.0,0.0,0.0,0.0008462677942588925,0.024469321593642235,2.583643674850464,6.071467399597168
cnn_feat_35_mean,1077.0,0.008442288264632225,0.005810042377561331,0.0,0.0028645088896155357,0.008137551136314869,0.013780277222394943,0.021979227662086487,0.19175441563129425,-1.2810910940170288
cnn_feat_35_std,1077.0,0.0,0.0,0.0,0.0,0.0,0.0,0.0,0.0,0.0
cnn_feat_35_min,1077.0,0.008442288264632225,0.005810042377561331,0.0,0.0028645088896155357,0.008137551136314869,0.013780277222394943,0.021979227662086487,0.19175441563129425,-1.2810910940170288
cnn_feat_35_max,1077.0,0.008442288264632225,0.005810042377561331,0.0,0.0028645088896155357,0.008137551136314869,0.013780277222394943,0.021979227662086487,0.19175441563129425,-1.2810910940170288
cnn_feat_36_mean,1077.0,0.01238777581602335,0.00863782037049532,0.0015015401877462864,0.0034617423079907894,0.011377760209143162,0.019742874428629875,0.0327945314347744,0.33174198865890503,-1.1697994470596313
cnn_feat_36_std,1077.0,0.0,0.0,0.0,0.0,0.0,0.0,0.0,0.0,0.0
cnn_feat_36_min,1077.0,0.01238777581602335,0.00863782037049532,0.0015015401877462864,0.0034617423079907894,0.011377760209143162,0.019742874428629875,0.0327945314347744,0.33174198865890503,-1.1697994470596313
cnn_feat_36_max,1077.0,0.01238777581602335,0.00863782037049532,0.0015015401877462864,0.0034617423079907894,0.011377760209143162,0.019742874428629875,0.0327945314347744,0.33174198865890503,-1.1697994470596313
cnn_feat_37_mean,1077.0,0.017535097897052765,0.018159940838813782,0.0,0.00020244400366209447,0.011920327320694923,0.032696519047021866,0.06148296967148781,0.6095755696296692,-0.9865193367004395
cnn_feat_37_std,1077.0,0.0,0.0,0.0,0.0,0.0,0.0,0.0,0.0,0.0
cnn_feat_37_min,1077.0,0.017535097897052765,0.018159940838813782,0.0,0.00020244400366209447,0.011920327320694923,0.032696519047021866,0.06148296967148781,0.6095755696296692,-0.9865193367004395
cnn_feat_37_max,1077.0,0.017535097897052765,0.018159940838813782,0.0,0.00020244400366209447,0.011920327320694923,0.032696519047021866,0.06148296967148781,0.6095755696296692,-0.9865193367004395
cnn_feat_38_mean,1077.0,0.0215302761644125,0.00747166620567441,0.0028082719072699547,0.01607138104736805,0.02098783105611801,0.02751615084707737,0.03931306302547455,0.05808468535542488,-0.78864586353302
cnn_feat_38_std,1077.0,0.0,0.0,0.0,0.0,0.0,0.0,0.0,0.0,0.0
cnn_feat_38_min,1077.0,0.0215302761644125,0.00747166620567441,0.0028082719072699547,0.01607138104736805,0.02098783105611801,0.02751615084707737,0.03931306302547455,0.05808468535542488,-0.78864586353302
cnn_feat_38_max,1077.0,0.0215302761644125,0.00747166620567441,0.0028082719072699547,0.01607138104736805,0.02098783105611801,0.02751615084707737,0.03931306302547455,0.05808468535542488,-0.78864586353302
cnn_feat_39_mean,1077.0,5.0581782318204205e-08,1.6599766468061716e-06,0.0,0.0,0.0,0.0,5.44765789527446e-05,32.817684173583984,1077.0
cnn_feat_39_std,1077.0,0.0,0.0,0.0,0.0,0.0,0.0,0.0,0.0,0.0
cnn_feat_39_min,1077.0,5.0581782318204205e-08,1.6599766468061716e-06,0.0,0.0,0.0,0.0,5.44765789527446e-05,32.817684173583984,1077.0
cnn_feat_39_max,1077.0,5.0581782318204205e-08,1.6599766468061716e-06,0.0,0.0,0.0,0.0,5.44765789527446e-05,32.817684173583984,1077.0
cnn_feat_40_mean,1077.0,0.010860358364880085,0.009819947183132172,0.0007447798270732164,0.0016680055996403098,0.008502616547048092,0.0179130882024765,0.04534120485186577,0.7828373908996582,-0.35924631357192993
cnn_feat_40_std,1077.0,0.0,0.0,0.0,0.0,0.0,0.0,0.0,0.0,0.0
cnn_feat_40_min,1077.0,0.010860358364880085,0.009819947183132172,0.0007447798270732164,0.0016680055996403098,0.008502616547048092,0.0179130882024765,0.04534120485186577,0.7828373908996582,-0.35924631357192993
cnn_feat_40_max,1077.0,0.010860358364880085,0.009819947183132172,0.0007447798270732164,0.0016680055996403098,0.008502616547048092,0.0179130882024765,0.04534120485186577,0.7828373908996582,-0.35924631357192993
cnn_feat_41_mean,1077.0,0.02917799912393093,0.006644928827881813,0.012384545989334583,0.02464095875620842,0.029878908768296242,0.0348852314054966,0.04126078635454178,-0.39264732599258423,-0.6936936378479004
cnn_feat_41_std,1077.0,0.0,0.0,0.0,0.0,0.0,0.0,0.0,0.0,0.0
cnn_feat_41_min,1077.0,0.02917799912393093,0.006644928827881813,0.012384545989334583,0.02464095875620842,0.029878908768296242,0.0348852314054966,0.04126078635454178,-0.39264732599258423,-0.6936936378479004
cnn_feat_41_max,1077.0,0.02917799912393093,0.006644928827881813,0.012384545989334583,0.02464095875620842,0.029878908768296242,0.0348852314054966,0.04126078635454178,-0.39264732599258423,-0.6936936378479004
cnn_feat_42_mean,1077.0,0.015577337704598904,0.011311337351799011,0.0013149701990187168,0.005626107566058636,0.01427257526665926,0.022075485438108444,0.04670584574341774,0.7067687511444092,-0.2792274057865143
cnn_feat_42_std,1077.0,0.0,0.0,0.0,0.0,0.0,0.0,0.0,0.0,0.0
cnn_feat_42_min,1077.0,0.015577337704598904,0.011311337351799011,0.0013149701990187168,0.005626107566058636,0.01427257526665926,0.022075485438108444,0.04670584574341774,0.7067687511444092,-0.2792274057865143
cnn_feat_42_max,1077.0,0.015577337704598904,0.011311337351799011,0.0013149701990187168,0.005626107566058636,0.01427257526665926,0.022075485438108444,0.04670584574341774,0.7067687511444092,-0.2792274057865143
cnn_feat_43_mean,1077.0,0.027869118377566338,0.009033048525452614,0.0031218649819493294,0.021838068962097168,0.026840072125196457,0.03391729295253754,0.05533791705965996,0.23432663083076477,-0.02297927625477314
cnn_feat_43_std,1077.0,0.0,0.0,0.0,0.0,0.0,0.0,0.0,0.0,0.0
cnn_feat_43_min,1077.0,0.027869118377566338,0.009033048525452614,0.0031218649819493294,0.021838068962097168,0.026840072125196457,0.03391729295253754,0.05533791705965996,0.23432663083076477,-0.02297927625477314
cnn_feat_43_max,1077.0,0.027869118377566338,0.009033048525452614,0.0031218649819493294,0.021838068962097168,0.026840072125196457,0.03391729295253754,0.05533791705965996,0.23432663083076477,-0.02297927625477314
cnn_feat_44_mean,1077.0,0.0006367904716171324,0.000943812308833003,0.0,0.0,0.00019919933401979506,0.0010183359263464808,0.006678952369838953,2.3273699283599854,7.303423881530762
cnn_feat_44_std,1077.0,0.0,0.0,0.0,0.0,0.0,0.0,0.0,0.0,0.0
cnn_feat_44_min,1077.0,0.0006367904716171324,0.000943812308833003,0.0,0.0,0.00019919933401979506,0.0010183359263464808,0.006678952369838953,2.3273699283599854,7.303423881530762
cnn_feat_44_max,1077.0,0.0006367904716171324,0.000943812308833003,0.0,0.0,0.00019919933401979506,0.0010183359263464808,0.006678952369838953,2.3273699283599854,7.303423881530762
cnn_feat_45_mean,1077.0,0.008439808152616024,0.007275416515767574,0.0003866500046569854,0.001328744925558567,0.007240052800625563,0.014300706796348095,0.03256727755069733,0.5388090014457703,-0.7998479008674622
cnn_feat_45_std,1077.0,0.0,0.0,0.0,0.0,0.0,0.0,0.0,0.0,0.0
cnn_feat_45_min,1077.0,0.008439808152616024,0.007275416515767574,0.0003866500046569854,0.001328744925558567,0.007240052800625563,0.014300706796348095,0.03256727755069733,0.5388090014457703,-0.7998479008674622
cnn_feat_45_max,1077.0,0.008439808152616024,0.007275416515767574,0.0003866500046569854,0.001328744925558567,0.007240052800625563,0.014300706796348095,0.03256727755069733,0.5388090014457703,-0.7998479008674622
cnn_feat_46_mean,1077.0,3.036010639334563e-06,1.7130005289800465e-05,0.0,0.0,0.0,0.0,0.00019620783859863877,6.772677898406982,50.43777847290039
cnn_feat_46_std,1077.0,0.0,0.0,0.0,0.0,0.0,0.0,0.0,0.0,0.0
cnn_feat_46_min,1077.0,3.036010639334563e-06,1.7130005289800465e-05,0.0,0.0,0.0,0.0,0.00019620783859863877,6.772677898406982,50.43777847290039
cnn_feat_46_max,1077.0,3.036010639334563e-06,1.7130005289800465e-05,0.0,0.0,0.0,0.0,0.00019620783859863877,6.772677898406982,50.43777847290039
cnn_feat_47_mean,1077.0,0.04490073025226593,0.009503216482698917,0.0068739973939955235,0.038120392709970474,0.04557143524289131,0.052137039601802826,0.0634148046374321,-0.6121487021446228,0.3852916359901428
cnn_feat_47_std,1077.0,0.0,0.0,0.0,0.0,0.0,0.0,0.0,0.0,0.0
cnn_feat_47_min,1077.0,0.04490073025226593,0.009503216482698917,0.0068739973939955235,0.038120392709970474,0.04557143524289131,0.052137039601802826,0.0634148046374321,-0.6121487021446228,0.3852916359901428
cnn_feat_47_max,1077.0,0.04490073025226593,0.009503216482698917,0.0068739973939955235,0.038120392709970474,0.04557143524289131,0.052137039601802826,0.0634148046374321,-0.6121487021446228,0.3852916359901428
cnn_feat_48_mean,1077.0,0.048288602381944656,0.006927579641342163,0.025546221062541008,0.0449635311961174,0.049477577209472656,0.05317602679133415,0.06499946862459183,-0.6740631461143494,0.06685108691453934
cnn_feat_48_std,1077.0,0.0,0.0,0.0,0.0,0.0,0.0,0.0,0.0,0.0
cnn_feat_48_min,1077.0,0.048288602381944656,0.006927579641342163,0.025546221062541008,0.0449635311961174,0.049477577209472656,0.05317602679133415,0.06499946862459183,-0.6740631461143494,0.06685108691453934
cnn_feat_48_max,1077.0,0.048288602381944656,0.006927579641342163,0.025546221062541008,0.0449635311961174,0.049477577209472656,0.05317602679133415,0.06499946862459183,-0.6740631461143494,0.06685108691453934
cnn_feat_49_mean,1077.0,0.001400795066729188,0.001534770941361785,0.00021988977096043527,0.0007450158009305596,0.0010604190174490213,0.0012913016835227609,0.015818551182746887,4.505136966705322,25.957189559936523
cnn_feat_49_std,1077.0,0.0,0.0,0.0,0.0,0.0,0.0,0.0,0.0,0.0
cnn_feat_49_min,1077.0,0.001400795066729188,0.001534770941361785,0.00021988977096043527,0.0007450158009305596,0.0010604190174490213,0.0012913016835227609,0.015818551182746887,4.505136966705322,25.957189559936523
cnn_feat_49_max,1077.0,0.001400795066729188,0.001534770941361785,0.00021988977096043527,0.0007450158009305596,0.0010604190174490213,0.0012913016835227609,0.015818551182746887,4.505136966705322,25.957189559936523
cnn_feat_50_mean,1077.0,0.08969093859195709,0.024617135524749756,0.0369429811835289,0.06765418499708176,0.09129051119089127,0.11117871105670929,0.137282133102417,-0.10911716520786285,-1.1888744831085205
cnn_feat_50_std,1077.0,0.0,0.0,0.0,0.0,0.0,0.0,0.0,0.0,0.0
cnn_feat_50_min,1077.0,0.08969093859195709,0.024617135524749756,0.0369429811835289,0.06765418499708176,0.09129051119089127,0.11117871105670929,0.137282133102417,-0.10911716520786285,-1.1888744831085205
cnn_feat_50_max,1077.0,0.08969093859195709,0.024617135524749756,0.0369429811835289,0.06765418499708176,0.09129051119089127,0.11117871105670929,0.137282133102417,-0.10911716520786285,-1.1888744831085205
cnn_feat_51_mean,1077.0,2.1054024728073273e-06,2.6469571821507998e-05,0.0,0.0,0.0,0.0,0.0005519746919162571,15.283804893493652,257.3703918457031
cnn_feat_51_std,1077.0,0.0,0.0,0.0,0.0,0.0,0.0,0.0,0.0,0.0
cnn_feat_51_min,1077.0,2.1054024728073273e-06,2.6469571821507998e-05,0.0,0.0,0.0,0.0,0.0005519746919162571,15.283804893493652,257.3703918457031
cnn_feat_51_max,1077.0,2.1054024728073273e-06,2.6469571821507998e-05,0.0,0.0,0.0,0.0,0.0005519746919162571,15.283804893493652,257.3703918457031
cnn_feat_52_mean,1077.0,0.06173580139875412,0.015232936479151249,0.03662152588367462,0.04846007004380226,0.06128939613699913,0.07408700883388519,0.09238696843385696,0.19636821746826172,-1.1701287031173706
cnn_feat_52_std,1077.0,0.0,0.0,0.0,0.0,0.0,0.0,0.0,0.0,0.0
cnn_feat_52_min,1077.0,0.06173580139875412,0.015232936479151249,0.03662152588367462,0.04846007004380226,0.06128939613699913,0.07408700883388519,0.09238696843385696,0.19636821746826172,-1.1701287031173706
cnn_feat_52_max,1077.0,0.06173580139875412,0.015232936479151249,0.03662152588367462,0.04846007004380226,0.06128939613699913,0.07408700883388519,0.09238696843385696,0.19636821746826172,-1.1701287031173706
cnn_feat_53_mean,1077.0,0.008869180455803871,0.009099907241761684,0.0,0.0011557493126019835,0.0023787766695022583,0.018490595743060112,0.032884564250707626,0.5204164981842041,-1.439921498298645
cnn_feat_53_std,1077.0,0.0,0.0,0.0,0.0,0.0,0.0,0.0,0.0,0.0
cnn_feat_53_min,1077.0,0.008869180455803871,0.009099907241761684,0.0,0.0011557493126019835,0.0023787766695022583,0.018490595743060112,0.032884564250707626,0.5204164981842041,-1.439921498298645
cnn_feat_53_max,1077.0,0.008869180455803871,0.009099907241761684,0.0,0.0011557493126019835,0.0023787766695022583,0.018490595743060112,0.032884564250707626,0.5204164981842041,-1.439921498298645
cnn_feat_54_mean,1077.0,1.4080485016165767e-05,5.516614328371361e-05,0.0,0.0,0.0,0.0,0.0007418524473905563,6.3690266609191895,55.66299057006836
cnn_feat_54_std,1077.0,0.0,0.0,0.0,0.0,0.0,0.0,0.0,0.0,0.0
cnn_feat_54_min,1077.0,1.4080485016165767e-05,5.516614328371361e-05,0.0,0.0,0.0,0.0,0.0007418524473905563,6.3690266609191895,55.66299057006836
cnn_feat_54_max,1077.0,1.4080485016165767e-05,5.516614328371361e-05,0.0,0.0,0.0,0.0,0.0007418524473905563,6.3690266609191895,55.66299057006836
cnn_feat_55_mean,1077.0,2.4212853531935252e-05,0.0002493108913768083,0.0,0.0,0.0,0.0,0.004947092849761248,15.304129600524902,258.45965576171875
cnn_feat_55_std,1077.0,0.0,0.0,0.0,0.0,0.0,0.0,0.0,0.0,0.0
cnn_feat_55_min,1077.0,2.4212853531935252e-05,0.0002493108913768083,0.0,0.0,0.0,0.0,0.004947092849761248,15.304129600524902,258.45965576171875
cnn_feat_55_max,1077.0,2.4212853531935252e-05,0.0002493108913768083,0.0,0.0,0.0,0.0,0.004947092849761248,15.304129600524902,258.45965576171875
cnn_feat_56_mean,1077.0,0.0005292569403536618,0.0004374521959107369,0.0,0.00015846268797758967,0.00045627111103385687,0.0008208201616071165,0.002033776603639126,0.6522047519683838,-0.33737948536872864
cnn_feat_56_std,1077.0,0.0,0.0,0.0,0.0,0.0,0.0,0.0,0.0,0.0
cnn_feat_56_min,1077.0,0.0005292569403536618,0.0004374521959107369,0.0,0.00015846268797758967,0.00045627111103385687,0.0008208201616071165,0.002033776603639126,0.6522047519683838,-0.33737948536872864
cnn_feat_56_max,1077.0,0.0005292569403536618,0.0004374521959107369,0.0,0.00015846268797758967,0.00045627111103385687,0.0008208201616071165,0.002033776603639126,0.6522047519683838,-0.33737948536872864
cnn_feat_57_mean,1077.0,0.0,0.0,0.0,0.0,0.0,0.0,0.0,0.0,0.0
cnn_feat_57_std,1077.0,0.0,0.0,0.0,0.0,0.0,0.0,0.0,0.0,0.0
cnn_feat_57_min,1077.0,0.0,0.0,0.0,0.0,0.0,0.0,0.0,0.0,0.0
cnn_feat_57_max,1077.0,0.0,0.0,0.0,0.0,0.0,0.0,0.0,0.0,0.0
cnn_feat_58_mean,1077.0,0.0,0.0,0.0,0.0,0.0,0.0,0.0,0.0,0.0
cnn_feat_58_std,1077.0,0.0,0.0,0.0,0.0,0.0,0.0,0.0,0.0,0.0
cnn_feat_58_min,1077.0,0.0,0.0,0.0,0.0,0.0,0.0,0.0,0.0,0.0
cnn_feat_58_max,1077.0,0.0,0.0,0.0,0.0,0.0,0.0,0.0,0.0,0.0
cnn_feat_59_mean,1077.0,0.011566189117729664,0.009602543897926807,0.001157120568677783,0.006162224803119898,0.009194659069180489,0.012509997934103012,0.05291163548827171,2.133181571960449,4.422569274902344
cnn_feat_59_std,1077.0,0.0,0.0,0.0,0.0,0.0,0.0,0.0,0.0,0.0
cnn_feat_59_min,1077.0,0.011566189117729664,0.009602543897926807,0.001157120568677783,0.006162224803119898,0.009194659069180489,0.012509997934103012,0.05291163548827171,2.133181571960449,4.422569274902344
cnn_feat_59_max,1077.0,0.011566189117729664,0.009602543897926807,0.001157120568677783,0.006162224803119898,0.009194659069180489,0.012509997934103012,0.05291163548827171,2.133181571960449,4.422569274902344
cnn_feat_60_mean,1077.0,0.00013489823322743177,0.00014933649799786508,0.0,0.0,7.67273741075769e-05,0.00025653146440163255,0.0006925410125404596,0.7211806774139404,-0.6615247130393982
cnn_feat_60_std,1077.0,0.0,0.0,0.0,0.0,0.0,0.0,0.0,0.0,0.0
cnn_feat_60_min,1077.0,0.00013489823322743177,0.00014933649799786508,0.0,0.0,7.67273741075769e-05,0.00025653146440163255,0.0006925410125404596,0.7211806774139404,-0.6615247130393982
cnn_feat_60_max,1077.0,0.00013489823322743177,0.00014933649799786508,0.0,0.0,7.67273741075769e-05,0.00025653146440163255,0.0006925410125404596,0.7211806774139404,-0.6615247130393982
cnn_feat_61_mean,1077.0,0.02969878911972046,0.017776040360331535,0.0015579132596030831,0.013318080455064774,0.024196477606892586,0.04493023827672005,0.07083912193775177,0.49587297439575195,-1.144852638244629
cnn_feat_61_std,1077.0,0.0,0.0,0.0,0.0,0.0,0.0,0.0,0.0,0.0
cnn_feat_61_min,1077.0,0.02969878911972046,0.017776040360331535,0.0015579132596030831,0.013318080455064774,0.024196477606892586,0.04493023827672005,0.07083912193775177,0.49587297439575195,-1.144852638244629
cnn_feat_61_max,1077.0,0.02969878911972046,0.017776040360331535,0.0015579132596030831,0.013318080455064774,0.024196477606892586,0.04493023827672005,0.07083912193775177,0.49587297439575195,-1.144852638244629
cnn_feat_62_mean,1077.0,0.0016450565308332443,0.0036386961583048105,0.0,0.0,0.0,0.0008541913121007383,0.01939789578318596,2.5572125911712646,5.8693013191223145
cnn_feat_62_std,1077.0,0.0,0.0,0.0,0.0,0.0,0.0,0.0,0.0,0.0
cnn_feat_62_min,1077.0,0.0016450565308332443,0.0036386961583048105,0.0,0.0,0.0,0.0008541913121007383,0.01939789578318596,2.5572125911712646,5.8693013191223145
cnn_feat_62_max,1077.0,0.0016450565308332443,0.0036386961583048105,0.0,0.0,0.0,0.0008541913121007383,0.01939789578318596,2.5572125911712646,5.8693013191223145
cnn_feat_63_mean,1077.0,0.02896539680659771,0.019113807007670403,0.0,0.0116300443187356,0.02916152961552143,0.04579070210456848,0.07131827622652054,-0.01925920881330967,-1.212268590927124
cnn_feat_63_std,1077.0,0.0,0.0,0.0,0.0,0.0,0.0,0.0,0.0,0.0
cnn_feat_63_min,1077.0,0.02896539680659771,0.019113807007670403,0.0,0.0116300443187356,0.02916152961552143,0.04579070210456848,0.07131827622652054,-0.01925920881330967,-1.212268590927124
cnn_feat_63_max,1077.0,0.02896539680659771,0.019113807007670403,0.0,0.0116300443187356,0.02916152961552143,0.04579070210456848,0.07131827622652054,-0.01925920881330967,-1.212268590927124
cnn_feat_64_mean,1077.0,0.003841735189780593,0.0059082405641674995,0.0004970695590600371,0.001358057837933302,0.0017214363906532526,0.003154371166601777,0.0573299415409565,4.095204830169678,20.81395149230957
cnn_feat_64_std,1077.0,0.0,0.0,0.0,0.0,0.0,0.0,0.0,0.0,0.0
cnn_feat_64_min,1077.0,0.003841735189780593,0.0059082405641674995,0.0004970695590600371,0.001358057837933302,0.0017214363906532526,0.003154371166601777,0.0573299415409565,4.095204830169678,20.81395149230957
cnn_feat_64_max,1077.0,0.003841735189780593,0.0059082405641674995,0.0004970695590600371,0.001358057837933302,0.0017214363906532526,0.003154371166601777,0.0573299415409565,4.095204830169678,20.81395149230957
cnn_feat_65_mean,1077.0,0.06584178656339645,0.010533767752349377,0.03461431339383125,0.05624077841639519,0.06684668362140656,0.07538913935422897,0.08834553509950638,-0.1433776170015335,-1.2229771614074707
cnn_feat_65_std,1077.0,0.0,0.0,0.0,0.0,0.0,0.0,0.0,0.0,0.0
cnn_feat_65_min,1077.0,0.06584178656339645,0.010533767752349377,0.03461431339383125,0.05624077841639519,0.06684668362140656,0.07538913935422897,0.08834553509950638,-0.1433776170015335,-1.2229771614074707
cnn_feat_65_max,1077.0,0.06584178656339645,0.010533767752349377,0.03461431339383125,0.05624077841639519,0.06684668362140656,0.07538913935422897,0.08834553509950638,-0.1433776170015335,-1.2229771614074707
cnn_feat_66_mean,1077.0,0.024421008303761482,0.01200698222965002,0.0010968518909066916,0.01334815938025713,0.02619493566453457,0.03342051059007645,0.05084671080112457,-0.1681351363658905,-1.0135457515716553
cnn_feat_66_std,1077.0,0.0,0.0,0.0,0.0,0.0,0.0,0.0,0.0,0.0
cnn_feat_66_min,1077.0,0.024421008303761482,0.01200698222965002,0.0010968518909066916,0.01334815938025713,0.02619493566453457,0.03342051059007645,0.05084671080112457,-0.1681351363658905,-1.0135457515716553
cnn_feat_66_max,1077.0,0.024421008303761482,0.01200698222965002,0.0010968518909066916,0.01334815938025713,0.02619493566453457,0.03342051059007645,0.05084671080112457,-0.1681351363658905,-1.0135457515716553
cnn_feat_67_mean,1077.0,0.09685855358839035,0.025198794901371002,0.04118352755904198,0.07435140758752823,0.09818949550390244,0.11734181642532349,0.15083347260951996,-8.068940223893151e-05,-1.0787476301193237
cnn_feat_67_std,1077.0,0.0,0.0,0.0,0.0,0.0,0.0,0.0,0.0,0.0
cnn_feat_67_min,1077.0,0.09685855358839035,0.025198794901371002,0.04118352755904198,0.07435140758752823,0.09818949550390244,0.11734181642532349,0.15083347260951996,-8.068940223893151e-05,-1.0787476301193237
cnn_feat_67_max,1077.0,0.09685855358839035,0.025198794901371002,0.04118352755904198,0.07435140758752823,0.09818949550390244,0.11734181642532349,0.15083347260951996,-8.068940223893151e-05,-1.0787476301193237
cnn_feat_68_mean,1077.0,0.0,0.0,0.0,0.0,0.0,0.0,0.0,0.0,0.0
cnn_feat_68_std,1077.0,0.0,0.0,0.0,0.0,0.0,0.0,0.0,0.0,0.0
cnn_feat_68_min,1077.0,0.0,0.0,0.0,0.0,0.0,0.0,0.0,0.0,0.0
cnn_feat_68_max,1077.0,0.0,0.0,0.0,0.0,0.0,0.0,0.0,0.0,0.0
cnn_feat_69_mean,1077.0,0.0,0.0,0.0,0.0,0.0,0.0,0.0,0.0,0.0
cnn_feat_69_std,1077.0,0.0,0.0,0.0,0.0,0.0,0.0,0.0,0.0,0.0
cnn_feat_69_min,1077.0,0.0,0.0,0.0,0.0,0.0,0.0,0.0,0.0,0.0
cnn_feat_69_max,1077.0,0.0,0.0,0.0,0.0,0.0,0.0,0.0,0.0,0.0
cnn_feat_70_mean,1077.0,0.04720683768391609,0.009065859019756317,0.023008713498711586,0.04207589477300644,0.04726218059659004,0.05482585355639458,0.06977991759777069,-0.3467639982700348,-0.3378196656703949
cnn_feat_70_std,1077.0,0.0,0.0,0.0,0.0,0.0,0.0,0.0,0.0,0.0
cnn_feat_70_min,1077.0,0.04720683768391609,0.009065859019756317,0.023008713498711586,0.04207589477300644,0.04726218059659004,0.05482585355639458,0.06977991759777069,-0.3467639982700348,-0.3378196656703949
cnn_feat_70_max,1077.0,0.04720683768391609,0.009065859019756317,0.023008713498711586,0.04207589477300644,0.04726218059659004,0.05482585355639458,0.06977991759777069,-0.3467639982700348,-0.3378196656703949
cnn_feat_71_mean,1077.0,0.0,0.0,0.0,0.0,0.0,0.0,0.0,0.0,0.0
cnn_feat_71_std,1077.0,0.0,0.0,0.0,0.0,0.0,0.0,0.0,0.0,0.0
cnn_feat_71_min,1077.0,0.0,0.0,0.0,0.0,0.0,0.0,0.0,0.0,0.0
cnn_feat_71_max,1077.0,0.0,0.0,0.0,0.0,0.0,0.0,0.0,0.0,0.0
cnn_feat_72_mean,1077.0,8.811748557491228e-07,8.821831215755083e-06,0.0,0.0,0.0,0.0,0.0001422465284122154,11.848930358886719,150.9745330810547
cnn_feat_72_std,1077.0,0.0,0.0,0.0,0.0,0.0,0.0,0.0,0.0,0.0
cnn_feat_72_min,1077.0,8.811748557491228e-07,8.821831215755083e-06,0.0,0.0,0.0,0.0,0.0001422465284122154,11.848930358886719,150.9745330810547
cnn_feat_72_max,1077.0,8.811748557491228e-07,8.821831215755083e-06,0.0,0.0,0.0,0.0,0.0001422465284122154,11.848930358886719,150.9745330810547
cnn_feat_73_mean,1077.0,0.0,0.0,0.0,0.0,0.0,0.0,0.0,0.0,0.0
cnn_feat_73_std,1077.0,0.0,0.0,0.0,0.0,0.0,0.0,0.0,0.0,0.0
cnn_feat_73_min,1077.0,0.0,0.0,0.0,0.0,0.0,0.0,0.0,0.0,0.0
cnn_feat_73_max,1077.0,0.0,0.0,0.0,0.0,0.0,0.0,0.0,0.0,0.0
cnn_feat_74_mean,1077.0,7.706268661422655e-05,0.00036798210931010544,0.0,0.0,0.0,0.0,0.0037956570740789175,6.970093727111816,54.32085418701172
cnn_feat_74_std,1077.0,0.0,0.0,0.0,0.0,0.0,0.0,0.0,0.0,0.0
cnn_feat_74_min,1077.0,7.706268661422655e-05,0.00036798210931010544,0.0,0.0,0.0,0.0,0.0037956570740789175,6.970093727111816,54.32085418701172
cnn_feat_74_max,1077.0,7.706268661422655e-05,0.00036798210931010544,0.0,0.0,0.0,0.0,0.0037956570740789175,6.970093727111816,54.32085418701172
cnn_feat_75_mean,1077.0,0.013590758666396141,0.010395485907793045,0.001754476921632886,0.00345740863122046,0.011715918779373169,0.0211194921284914,0.05914049968123436,0.9222060441970825,0.957436740398407
cnn_feat_75_std,1077.0,0.0,0.0,0.0,0.0,0.0,0.0,0.0,0.0,0.0
cnn_feat_75_min,1077.0,0.013590758666396141,0.010395485907793045,0.001754476921632886,0.00345740863122046,0.011715918779373169,0.0211194921284914,0.05914049968123436,0.9222060441970825,0.957436740398407
cnn_feat_75_max,1077.0,0.013590758666396141,0.010395485907793045,0.001754476921632886,0.00345740863122046,0.011715918779373169,0.0211194921284914,0.05914049968123436,0.9222060441970825,0.957436740398407
cnn_feat_76_mean,1077.0,0.06535179167985916,0.028827406466007233,0.011813188903033733,0.039564646780490875,0.06902675330638885,0.09023217111825943,0.11548314988613129,-0.1777288317680359,-1.198365330696106
cnn_feat_76_std,1077.0,0.0,0.0,0.0,0.0,0.0,0.0,0.0,0.0,0.0
cnn_feat_76_min,1077.0,0.06535179167985916,0.028827406466007233,0.011813188903033733,0.039564646780490875,0.06902675330638885,0.09023217111825943,0.11548314988613129,-0.1777288317680359,-1.198365330696106
cnn_feat_76_max,1077.0,0.06535179167985916,0.028827406466007233,0.011813188903033733,0.039564646780490875,0.06902675330638885,0.09023217111825943,0.11548314988613129,-0.1777288317680359,-1.198365330696106
cnn_feat_77_mean,1077.0,7.389512029476464e-05,0.00017535328515805304,0.0,0.0,0.0,5.579543358180672e-05,0.0022864171769469976,4.854284763336182,41.45835494995117
cnn_feat_77_std,1077.0,0.0,0.0,0.0,0.0,0.0,0.0,0.0,0.0,0.0
cnn_feat_77_min,1077.0,7.389512029476464e-05,0.00017535328515805304,0.0,0.0,0.0,5.579543358180672e-05,0.0022864171769469976,4.854284763336182,41.45835494995117
cnn_feat_77_max,1077.0,7.389512029476464e-05,0.00017535328515805304,0.0,0.0,0.0,5.579543358180672e-05,0.0022864171769469976,4.854284763336182,41.45835494995117
cnn_feat_78_mean,1077.0,0.08702269196510315,0.019929377362132072,0.042354732751846313,0.0703856572508812,0.08845101296901703,0.10460464656352997,0.12325704842805862,-0.19699013233184814,-1.0791902542114258
cnn_feat_78_std,1077.0,0.0,0.0,0.0,0.0,0.0,0.0,0.0,0.0,0.0
cnn_feat_78_min,1077.0,0.08702269196510315,0.019929377362132072,0.042354732751846313,0.0703856572508812,0.08845101296901703,0.10460464656352997,0.12325704842805862,-0.19699013233184814,-1.0791902542114258
cnn_feat_78_max,1077.0,0.08702269196510315,0.019929377362132072,0.042354732751846313,0.0703856572508812,0.08845101296901703,0.10460464656352997,0.12325704842805862,-0.19699013233184814,-1.0791902542114258
cnn_feat_79_mean,1077.0,0.040174491703510284,0.006406199652701616,0.01399622205644846,0.036996494978666306,0.040604572743177414,0.044387783855199814,0.06300720572471619,-0.5306509733200073,1.0228444337844849
cnn_feat_79_std,1077.0,0.0,0.0,0.0,0.0,0.0,0.0,0.0,0.0,0.0
cnn_feat_79_min,1077.0,0.040174491703510284,0.006406199652701616,0.01399622205644846,0.036996494978666306,0.040604572743177414,0.044387783855199814,0.06300720572471619,-0.5306509733200073,1.0228444337844849
cnn_feat_79_max,1077.0,0.040174491703510284,0.006406199652701616,0.01399622205644846,0.036996494978666306,0.040604572743177414,0.044387783855199814,0.06300720572471619,-0.5306509733200073,1.0228444337844849
cnn_feat_80_mean,1077.0,0.000617450219579041,0.0009051788947544992,0.0,0.0,0.00012847367906942964,0.0009621858480386436,0.005868921056389809,1.769992470741272,3.0813791751861572
cnn_feat_80_std,1077.0,0.0,0.0,0.0,0.0,0.0,0.0,0.0,0.0,0.0
cnn_feat_80_min,1077.0,0.000617450219579041,0.0009051788947544992,0.0,0.0,0.00012847367906942964,0.0009621858480386436,0.005868921056389809,1.769992470741272,3.0813791751861572
cnn_feat_80_max,1077.0,0.000617450219579041,0.0009051788947544992,0.0,0.0,0.00012847367906942964,0.0009621858480386436,0.005868921056389809,1.769992470741272,3.0813791751861572
cnn_feat_81_mean,1077.0,0.05484872683882713,0.014192054979503155,0.01138253789395094,0.043744005262851715,0.05789048969745636,0.06638110429048538,0.08178231865167618,-0.5121831297874451,-0.6903649568557739
cnn_feat_81_std,1077.0,0.0,0.0,0.0,0.0,0.0,0.0,0.0,0.0,0.0
cnn_feat_81_min,1077.0,0.05484872683882713,0.014192054979503155,0.01138253789395094,0.043744005262851715,0.05789048969745636,0.06638110429048538,0.08178231865167618,-0.5121831297874451,-0.6903649568557739
cnn_feat_81_max,1077.0,0.05484872683882713,0.014192054979503155,0.01138253789395094,0.043744005262851715,0.05789048969745636,0.06638110429048538,0.08178231865167618,-0.5121831297874451,-0.6903649568557739
cnn_feat_82_mean,1077.0,0.02324766479432583,0.014203867875039577,0.0019026703666895628,0.009779030457139015,0.024388646706938744,0.03598695993423462,0.054453615099191666,-0.07217629998922348,-1.366823673248291
cnn_feat_82_std,1077.0,0.0,0.0,0.0,0.0,0.0,0.0,0.0,0.0,0.0
cnn_feat_82_min,1077.0,0.02324766479432583,0.014203867875039577,0.0019026703666895628,0.009779030457139015,0.024388646706938744,0.03598695993423462,0.054453615099191666,-0.07217629998922348,-1.366823673248291
cnn_feat_82_max,1077.0,0.02324766479432583,0.014203867875039577,0.0019026703666895628,0.009779030457139015,0.024388646706938744,0.03598695993423462,0.054453615099191666,-0.07217629998922348,-1.366823673248291
cnn_feat_83_mean,1077.0,0.08022007346153259,0.013955114409327507,0.017064327374100685,0.07254908233880997,0.0840044617652893,0.0892157256603241,0.10752712190151215,-1.1656546592712402,1.8932592868804932
cnn_feat_83_std,1077.0,0.0,0.0,0.0,0.0,0.0,0.0,0.0,0.0,0.0
cnn_feat_83_min,1077.0,0.08022007346153259,0.013955114409327507,0.017064327374100685,0.07254908233880997,0.0840044617652893,0.0892157256603241,0.10752712190151215,-1.1656546592712402,1.8932592868804932
cnn_feat_83_max,1077.0,0.08022007346153259,0.013955114409327507,0.017064327374100685,0.07254908233880997,0.0840044617652893,0.0892157256603241,0.10752712190151215,-1.1656546592712402,1.8932592868804932
cnn_feat_84_mean,1077.0,0.013591569848358631,0.013610067777335644,0.0012218141928315163,0.0018863859586417675,0.0078053600154817104,0.02433891035616398,0.05271254852414131,0.8587342500686646,-0.5992788076400757
cnn_feat_84_std,1077.0,0.0,0.0,0.0,0.0,0.0,0.0,0.0,0.0,0.0
cnn_feat_84_min,1077.0,0.013591569848358631,0.013610067777335644,0.0012218141928315163,0.0018863859586417675,0.0078053600154817104,0.02433891035616398,0.05271254852414131,0.8587342500686646,-0.5992788076400757
cnn_feat_84_max,1077.0,0.013591569848358631,0.013610067777335644,0.0012218141928315163,0.0018863859586417675,0.0078053600154817104,0.02433891035616398,0.05271254852414131,0.8587342500686646,-0.5992788076400757
cnn_feat_85_mean,1077.0,0.03114517219364643,0.009577143006026745,0.006887821480631828,0.024072282016277313,0.028758488595485687,0.03490975499153137,0.05741970241069794,0.9440562129020691,0.22216063737869263
cnn_feat_85_std,1077.0,0.0,0.0,0.0,0.0,0.0,0.0,0.0,0.0,0.0
cnn_feat_85_min,1077.0,0.03114517219364643,0.009577143006026745,0.006887821480631828,0.024072282016277313,0.028758488595485687,0.03490975499153137,0.05741970241069794,0.9440562129020691,0.22216063737869263
cnn_feat_85_max,1077.0,0.03114517219364643,0.009577143006026745,0.006887821480631828,0.024072282016277313,0.028758488595485687,0.03490975499153137,0.05741970241069794,0.9440562129020691,0.22216063737869263
cnn_feat_86_mean,1077.0,0.06871737539768219,0.019386539235711098,0.02528633549809456,0.05335300788283348,0.070502869784832,0.08570613712072372,0.10108715295791626,-0.3533492386341095,-0.9824393391609192
cnn_feat_86_std,1077.0,0.0,0.0,0.0,0.0,0.0,0.0,0.0,0.0,0.0
cnn_feat_86_min,1077.0,0.06871737539768219,0.019386539235711098,0.02528633549809456,0.05335300788283348,0.070502869784832,0.08570613712072372,0.10108715295791626,-0.3533492386341095,-0.9824393391609192
cnn_feat_86_max,1077.0,0.06871737539768219,0.019386539235711098,0.02528633549809456,0.05335300788283348,0.070502869784832,0.08570613712072372,0.10108715295791626,-0.3533492386341095,-0.9824393391609192
cnn_feat_87_mean,1077.0,0.012794516049325466,0.014049580320715904,0.0,6.155027949716896e-05,0.007154884282499552,0.024262569844722748,0.045364681631326675,0.6662303805351257,-1.0023398399353027
cnn_feat_87_std,1077.0,0.0,0.0,0.0,0.0,0.0,0.0,0.0,0.0,0.0
cnn_feat_87_min,1077.0,0.012794516049325466,0.014049580320715904,0.0,6.155027949716896e-05,0.007154884282499552,0.024262569844722748,0.045364681631326675,0.6662303805351257,-1.0023398399353027
cnn_feat_87_max,1077.0,0.012794516049325466,0.014049580320715904,0.0,6.155027949716896e-05,0.007154884282499552,0.024262569844722748,0.045364681631326675,0.6662303805351257,-1.0023398399353027
cnn_feat_88_mean,1077.0,0.08601422607898712,0.010916724801063538,0.06991901248693466,0.07815513759851456,0.08230948448181152,0.09352932125329971,0.12368927896022797,0.982193648815155,0.2302810549736023
cnn_feat_88_std,1077.0,0.0,0.0,0.0,0.0,0.0,0.0,0.0,0.0,0.0
cnn_feat_88_min,1077.0,0.08601422607898712,0.010916724801063538,0.06991901248693466,0.07815513759851456,0.08230948448181152,0.09352932125329971,0.12368927896022797,0.982193648815155,0.2302810549736023
cnn_feat_88_max,1077.0,0.08601422607898712,0.010916724801063538,0.06991901248693466,0.07815513759851456,0.08230948448181152,0.09352932125329971,0.12368927896022797,0.982193648815155,0.2302810549736023
cnn_feat_89_mean,1077.0,6.515789209515788e-06,3.7379952118499205e-05,0.0,0.0,0.0,0.0,0.00047838897444307804,7.951205730438232,74.75837707519531
cnn_feat_89_std,1077.0,0.0,0.0,0.0,0.0,0.0,0.0,0.0,0.0,0.0
cnn_feat_89_min,1077.0,6.515789209515788e-06,3.7379952118499205e-05,0.0,0.0,0.0,0.0,0.00047838897444307804,7.951205730438232,74.75837707519531
cnn_feat_89_max,1077.0,6.515789209515788e-06,3.7379952118499205e-05,0.0,0.0,0.0,0.0,0.00047838897444307804,7.951205730438232,74.75837707519531
cnn_feat_90_mean,1077.0,3.596739588829223e-06,2.8256166842766106e-05,0.0,0.0,0.0,0.0,0.0003860350407194346,9.265523910522461,94.54415130615234
cnn_feat_90_std,1077.0,0.0,0.0,0.0,0.0,0.0,0.0,0.0,0.0,0.0
cnn_feat_90_min,1077.0,3.596739588829223e-06,2.8256166842766106e-05,0.0,0.0,0.0,0.0,0.0003860350407194346,9.265523910522461,94.54415130615234
cnn_feat_90_max,1077.0,3.596739588829223e-06,2.8256166842766106e-05,0.0,0.0,0.0,0.0,0.0003860350407194346,9.265523910522461,94.54415130615234
cnn_feat_91_mean,1077.0,0.032588891685009,0.007597952149808407,0.014968926087021828,0.026739152148365974,0.031170453876256943,0.03703708574175835,0.05226881802082062,0.57912278175354,-0.45435240864753723
cnn_feat_91_std,1077.0,0.0,0.0,0.0,0.0,0.0,0.0,0.0,0.0,0.0
cnn_feat_91_min,1077.0,0.032588891685009,0.007597952149808407,0.014968926087021828,0.026739152148365974,0.031170453876256943,0.03703708574175835,0.05226881802082062,0.57912278175354,-0.45435240864753723
cnn_feat_91_max,1077.0,0.032588891685009,0.007597952149808407,0.014968926087021828,0.026739152148365974,0.031170453876256943,0.03703708574175835,0.05226881802082062,0.57912278175354,-0.45435240864753723
cnn_feat_92_mean,1077.0,0.05064275115728378,0.02414947748184204,0.002302957698702812,0.030124926939606667,0.05588296428322792,0.07031679898500443,0.09108087420463562,-0.37808218598365784,-1.0519533157348633
cnn_feat_92_std,1077.0,0.0,0.0,0.0,0.0,0.0,0.0,0.0,0.0,0.0
cnn_feat_92_min,1077.0,0.05064275115728378,0.02414947748184204,0.002302957698702812,0.030124926939606667,0.05588296428322792,0.07031679898500443,0.09108087420463562,-0.37808218598365784,-1.0519533157348633
cnn_feat_92_max,1077.0,0.05064275115728378,0.02414947748184204,0.002302957698702812,0.030124926939606667,0.05588296428322792,0.07031679898500443,0.09108087420463562,-0.37808218598365784,-1.0519533157348633
cnn_feat_93_mean,1077.0,0.07544951885938644,0.019923001527786255,0.03159954026341438,0.058039914816617966,0.07842735946178436,0.09284019470214844,0.1087002083659172,-0.22655776143074036,-1.146257996559143
cnn_feat_93_std,1077.0,0.0,0.0,0.0,0.0,0.0,0.0,0.0,0.0,0.0
cnn_feat_93_min,1077.0,0.07544951885938644,0.019923001527786255,0.03159954026341438,0.058039914816617966,0.07842735946178436,0.09284019470214844,0.1087002083659172,-0.22655776143074036,-1.146257996559143
cnn_feat_93_max,1077.0,0.07544951885938644,0.019923001527786255,0.03159954026341438,0.058039914816617966,0.07842735946178436,0.09284019470214844,0.1087002083659172,-0.22655776143074036,-1.146257996559143
cnn_feat_94_mean,1077.0,0.0532233789563179,0.015535078942775726,0.021575750783085823,0.04047093912959099,0.05448433384299278,0.06730757653713226,0.07929685711860657,-0.1955852061510086,-1.1654525995254517
cnn_feat_94_std,1077.0,0.0,0.0,0.0,0.0,0.0,0.0,0.0,0.0,0.0
cnn_feat_94_min,1077.0,0.0532233789563179,0.015535078942775726,0.021575750783085823,0.04047093912959099,0.05448433384299278,0.06730757653713226,0.07929685711860657,-0.1955852061510086,-1.1654525995254517
cnn_feat_94_max,1077.0,0.0532233789563179,0.015535078942775726,0.021575750783085823,0.04047093912959099,0.05448433384299278,0.06730757653713226,0.07929685711860657,-0.1955852061510086,-1.1654525995254517
cnn_feat_95_mean,1077.0,0.03962211683392525,0.006303263362497091,0.009436022490262985,0.03729693591594696,0.03979279100894928,0.042316850274801254,0.05835362896323204,-1.0973002910614014,3.6357178688049316
cnn_feat_95_std,1077.0,0.0,0.0,0.0,0.0,0.0,0.0,0.0,0.0,0.0
cnn_feat_95_min,1077.0,0.03962211683392525,0.006303263362497091,0.009436022490262985,0.03729693591594696,0.03979279100894928,0.042316850274801254,0.05835362896323204,-1.0973002910614014,3.6357178688049316
cnn_feat_95_max,1077.0,0.03962211683392525,0.006303263362497091,0.009436022490262985,0.03729693591594696,0.03979279100894928,0.042316850274801254,0.05835362896323204,-1.0973002910614014,3.6357178688049316
cnn_feat_96_mean,1077.0,0.0331730954349041,0.006858011242002249,0.00636921264231205,0.028081223368644714,0.03238195180892944,0.038229044526815414,0.0484069399535656,0.00852406956255436,-0.19863159954547882
cnn_feat_96_std,1077.0,0.0,0.0,0.0,0.0,0.0,0.0,0.0,0.0,0.0
cnn_feat_96_min,1077.0,0.0331730954349041,0.006858011242002249,0.00636921264231205,0.028081223368644714,0.03238195180892944,0.038229044526815414,0.0484069399535656,0.00852406956255436,-0.19863159954547882
cnn_feat_96_max,1077.0,0.0331730954349041,0.006858011242002249,0.00636921264231205,0.028081223368644714,0.03238195180892944,0.038229044526815414,0.0484069399535656,0.00852406956255436,-0.19863159954547882
cnn_feat_97_mean,1077.0,0.028346307575702667,0.00706042256206274,0.0009954735869541764,0.024748453870415688,0.029102850705385208,0.033841535449028015,0.04176829382777214,-1.135733962059021,1.817974328994751
cnn_feat_97_std,1077.0,0.0,0.0,0.0,0.0,0.0,0.0,0.0,0.0,0.0
cnn_feat_97_min,1077.0,0.028346307575702667,0.00706042256206274,0.0009954735869541764,0.024748453870415688,0.029102850705385208,0.033841535449028015,0.04176829382777214,-1.135733962059021,1.817974328994751
cnn_feat_97_max,1077.0,0.028346307575702667,0.00706042256206274,0.0009954735869541764,0.024748453870415688,0.029102850705385208,0.033841535449028015,0.04176829382777214,-1.135733962059021,1.817974328994751
cnn_feat_98_mean,1077.0,0.008530906401574612,0.01025974377989769,0.0,0.0,0.0017332800198346376,0.017764950171113014,0.03797264024615288,0.7561037540435791,-0.9320507049560547
cnn_feat_98_std,1077.0,0.0,0.0,0.0,0.0,0.0,0.0,0.0,0.0,0.0
cnn_feat_98_min,1077.0,0.008530906401574612,0.01025974377989769,0.0,0.0,0.0017332800198346376,0.017764950171113014,0.03797264024615288,0.7561037540435791,-0.9320507049560547
cnn_feat_98_max,1077.0,0.008530906401574612,0.01025974377989769,0.0,0.0,0.0017332800198346376,0.017764950171113014,0.03797264024615288,0.7561037540435791,-0.9320507049560547
cnn_feat_99_mean,1077.0,0.0,0.0,0.0,0.0,0.0,0.0,0.0,0.0,0.0
cnn_feat_99_std,1077.0,0.0,0.0,0.0,0.0,0.0,0.0,0.0,0.0,0.0
cnn_feat_99_min,1077.0,0.0,0.0,0.0,0.0,0.0,0.0,0.0,0.0,0.0
cnn_feat_99_max,1077.0,0.0,0.0,0.0,0.0,0.0,0.0,0.0,0.0,0.0
cnn_feat_100_mean,1077.0,0.0,0.0,0.0,0.0,0.0,0.0,0.0,0.0,0.0
cnn_feat_100_std,1077.0,0.0,0.0,0.0,0.0,0.0,0.0,0.0,0.0,0.0
cnn_feat_100_min,1077.0,0.0,0.0,0.0,0.0,0.0,0.0,0.0,0.0,0.0
cnn_feat_100_max,1077.0,0.0,0.0,0.0,0.0,0.0,0.0,0.0,0.0,0.0
cnn_feat_101_mean,1077.0,0.036687981337308884,0.013252080418169498,0.009449143894016743,0.02708660066127777,0.034985121339559555,0.04499687999486923,0.07871143519878387,0.5632282495498657,-0.14614342153072357
cnn_feat_101_std,1077.0,0.0,0.0,0.0,0.0,0.0,0.0,0.0,0.0,0.0
cnn_feat_101_min,1077.0,0.036687981337308884,0.013252080418169498,0.009449143894016743,0.02708660066127777,0.034985121339559555,0.04499687999486923,0.07871143519878387,0.5632282495498657,-0.14614342153072357
cnn_feat_101_max,1077.0,0.036687981337308884,0.013252080418169498,0.009449143894016743,0.02708660066127777,0.034985121339559555,0.04499687999486923,0.07871143519878387,0.5632282495498657,-0.14614342153072357
cnn_feat_102_mean,1077.0,0.0012483677128329873,0.0011768852127715945,0.0,0.0005184476030990481,0.0010142518440261483,0.0017270088428631425,0.01046670600771904,2.899705171585083,13.410368919372559
cnn_feat_102_std,1077.0,0.0,0.0,0.0,0.0,0.0,0.0,0.0,0.0,0.0
cnn_feat_102_min,1077.0,0.0012483677128329873,0.0011768852127715945,0.0,0.0005184476030990481,0.0010142518440261483,0.0017270088428631425,0.01046670600771904,2.899705171585083,13.410368919372559
cnn_feat_102_max,1077.0,0.0012483677128329873,0.0011768852127715945,0.0,0.0005184476030990481,0.0010142518440261483,0.0017270088428631425,0.01046670600771904,2.899705171585083,13.410368919372559
cnn_feat_103_mean,1077.0,0.007587655913084745,0.00747654726728797,0.0011421458330005407,0.0019945057574659586,0.0030052363872528076,0.011899609118700027,0.0328039713203907,1.235984206199646,0.5026019811630249
cnn_feat_103_std,1077.0,0.0,0.0,0.0,0.0,0.0,0.0,0.0,0.0,0.0
cnn_feat_103_min,1077.0,0.007587655913084745,0.00747654726728797,0.0011421458330005407,0.0019945057574659586,0.0030052363872528076,0.011899609118700027,0.0328039713203907,1.235984206199646,0.5026019811630249
cnn_feat_103_max,1077.0,0.007587655913084745,0.00747654726728797,0.0011421458330005407,0.0019945057574659586,0.0030052363872528076,0.011899609118700027,0.0328039713203907,1.235984206199646,0.5026019811630249
cnn_feat_104_mean,1077.0,3.113214916083962e-05,0.0001106973722926341,0.0,0.0,0.0,0.0,0.0013984573306515813,5.417381286621094,40.107421875
cnn_feat_104_std,1077.0,0.0,0.0,0.0,0.0,0.0,0.0,0.0,0.0,0.0
cnn_feat_104_min,1077.0,3.113214916083962e-05,0.0001106973722926341,0.0,0.0,0.0,0.0,0.0013984573306515813,5.417381286621094,40.107421875
cnn_feat_104_max,1077.0,3.113214916083962e-05,0.0001106973722926341,0.0,0.0,0.0,0.0,0.0013984573306515813,5.417381286621094,40.107421875
cnn_feat_105_mean,1077.0,0.017565330490469933,0.006866161245852709,0.003375159576535225,0.0116697633638978,0.0162812490016222,0.023875361308455467,0.03566101938486099,0.3022724390029907,-1.0307254791259766
cnn_feat_105_std,1077.0,0.0,0.0,0.0,0.0,0.0,0.0,0.0,0.0,0.0
cnn_feat_105_min,1077.0,0.017565330490469933,0.006866161245852709,0.003375159576535225,0.0116697633638978,0.0162812490016222,0.023875361308455467,0.03566101938486099,0.3022724390029907,-1.0307254791259766
cnn_feat_105_max,1077.0,0.017565330490469933,0.006866161245852709,0.003375159576535225,0.0116697633638978,0.0162812490016222,0.023875361308455467,0.03566101938486099,0.3022724390029907,-1.0307254791259766
cnn_feat_106_mean,1077.0,0.0018165807705372572,0.0015624385559931397,0.0,0.0007348123472183943,0.0011152296792715788,0.00267223478294909,0.008715054020285606,1.462046504020691,1.8510448932647705
cnn_feat_106_std,1077.0,0.0,0.0,0.0,0.0,0.0,0.0,0.0,0.0,0.0
cnn_feat_106_min,1077.0,0.0018165807705372572,0.0015624385559931397,0.0,0.0007348123472183943,0.0011152296792715788,0.00267223478294909,0.008715054020285606,1.462046504020691,1.8510448932647705
cnn_feat_106_max,1077.0,0.0018165807705372572,0.0015624385559931397,0.0,0.0007348123472183943,0.0011152296792715788,0.00267223478294909,0.008715054020285606,1.462046504020691,1.8510448932647705
cnn_feat_107_mean,1077.0,0.08046171814203262,0.021748065948486328,0.035504039376974106,0.06242690607905388,0.07733125239610672,0.10083311051130295,0.12568576633930206,0.19463811814785004,-1.1678508520126343
cnn_feat_107_std,1077.0,0.0,0.0,0.0,0.0,0.0,0.0,0.0,0.0,0.0
cnn_feat_107_min,1077.0,0.08046171814203262,0.021748065948486328,0.035504039376974106,0.06242690607905388,0.07733125239610672,0.10083311051130295,0.12568576633930206,0.19463811814785004,-1.1678508520126343
cnn_feat_107_max,1077.0,0.08046171814203262,0.021748065948486328,0.035504039376974106,0.06242690607905388,0.07733125239610672,0.10083311051130295,0.12568576633930206,0.19463811814785004,-1.1678508520126343
cnn_feat_108_mean,1077.0,0.0,0.0,0.0,0.0,0.0,0.0,0.0,0.0,0.0
cnn_feat_108_std,1077.0,0.0,0.0,0.0,0.0,0.0,0.0,0.0,0.0,0.0
cnn_feat_108_min,1077.0,0.0,0.0,0.0,0.0,0.0,0.0,0.0,0.0,0.0
cnn_feat_108_max,1077.0,0.0,0.0,0.0,0.0,0.0,0.0,0.0,0.0,0.0
cnn_feat_109_mean,1077.0,0.0,0.0,0.0,0.0,0.0,0.0,0.0,0.0,0.0
cnn_feat_109_std,1077.0,0.0,0.0,0.0,0.0,0.0,0.0,0.0,0.0,0.0
cnn_feat_109_min,1077.0,0.0,0.0,0.0,0.0,0.0,0.0,0.0,0.0,0.0
cnn_feat_109_max,1077.0,0.0,0.0,0.0,0.0,0.0,0.0,0.0,0.0,0.0
cnn_feat_110_mean,1077.0,0.0,0.0,0.0,0.0,0.0,0.0,0.0,0.0,0.0
cnn_feat_110_std,1077.0,0.0,0.0,0.0,0.0,0.0,0.0,0.0,0.0,0.0
cnn_feat_110_min,1077.0,0.0,0.0,0.0,0.0,0.0,0.0,0.0,0.0,0.0
cnn_feat_110_max,1077.0,0.0,0.0,0.0,0.0,0.0,0.0,0.0,0.0,0.0
cnn_feat_111_mean,1077.0,0.0008290503756143153,0.0015783222625032067,0.0,0.0,0.0,0.0007463695365004241,0.007438844535499811,2.1621029376983643,3.8793630599975586
cnn_feat_111_std,1077.0,0.0,0.0,0.0,0.0,0.0,0.0,0.0,0.0,0.0
cnn_feat_111_min,1077.0,0.0008290503756143153,0.0015783222625032067,0.0,0.0,0.0,0.0007463695365004241,0.007438844535499811,2.1621029376983643,3.8793630599975586
cnn_feat_111_max,1077.0,0.0008290503756143153,0.0015783222625032067,0.0,0.0,0.0,0.0007463695365004241,0.007438844535499811,2.1621029376983643,3.8793630599975586
cnn_feat_112_mean,1077.0,0.05002676695585251,0.011829227209091187,0.023353995755314827,0.04118576645851135,0.05389239639043808,0.05910509079694748,0.06946414709091187,-0.5941614508628845,-0.8588564991950989
cnn_feat_112_std,1077.0,0.0,0.0,0.0,0.0,0.0,0.0,0.0,0.0,0.0
cnn_feat_112_min,1077.0,0.05002676695585251,0.011829227209091187,0.023353995755314827,0.04118576645851135,0.05389239639043808,0.05910509079694748,0.06946414709091187,-0.5941614508628845,-0.8588564991950989
cnn_feat_112_max,1077.0,0.05002676695585251,0.011829227209091187,0.023353995755314827,0.04118576645851135,0.05389239639043808,0.05910509079694748,0.06946414709091187,-0.5941614508628845,-0.8588564991950989
cnn_feat_113_mean,1077.0,0.058596186339855194,0.010570064187049866,0.03993704915046692,0.04910128936171532,0.0561678521335125,0.0689578503370285,0.08027929067611694,0.05442874878644943,-1.5322260856628418
cnn_feat_113_std,1077.0,0.0,0.0,0.0,0.0,0.0,0.0,0.0,0.0,0.0
cnn_feat_113_min,1077.0,0.058596186339855194,0.010570064187049866,0.03993704915046692,0.04910128936171532,0.0561678521335125,0.0689578503370285,0.08027929067611694,0.05442874878644943,-1.5322260856628418
cnn_feat_113_max,1077.0,0.058596186339855194,0.010570064187049866,0.03993704915046692,0.04910128936171532,0.0561678521335125,0.0689578503370285,0.08027929067611694,0.05442874878644943,-1.5322260856628418
cnn_feat_114_mean,1077.0,0.02645174041390419,0.006661595311015844,0.0025397292338311672,0.022739293053746223,0.02739749103784561,0.03168046101927757,0.037739433348178864,-1.023342490196228,1.145758032798767
cnn_feat_114_std,1077.0,0.0,0.0,0.0,0.0,0.0,0.0,0.0,0.0,0.0
cnn_feat_114_min,1077.0,0.02645174041390419,0.006661595311015844,0.0025397292338311672,0.022739293053746223,0.02739749103784561,0.03168046101927757,0.037739433348178864,-1.023342490196228,1.145758032798767
cnn_feat_114_max,1077.0,0.02645174041390419,0.006661595311015844,0.0025397292338311672,0.022739293053746223,0.02739749103784561,0.03168046101927757,0.037739433348178864,-1.023342490196228,1.145758032798767
cnn_feat_115_mean,1077.0,0.10266634076833725,0.02762938290834427,0.045205384492874146,0.07828442007303238,0.10745415836572647,0.1269966959953308,0.1495940089225769,-0.3178733289241791,-1.1690906286239624
cnn_feat_115_std,1077.0,0.0,0.0,0.0,0.0,0.0,0.0,0.0,0.0,0.0
cnn_feat_115_min,1077.0,0.10266634076833725,0.02762938290834427,0.045205384492874146,0.07828442007303238,0.10745415836572647,0.1269966959953308,0.1495940089225769,-0.3178733289241791,-1.1690906286239624
cnn_feat_115_max,1077.0,0.10266634076833725,0.02762938290834427,0.045205384492874146,0.07828442007303238,0.10745415836572647,0.1269966959953308,0.1495940089225769,-0.3178733289241791,-1.1690906286239624
cnn_feat_116_mean,1077.0,0.03728942945599556,0.00806431658565998,0.010134376585483551,0.03205050155520439,0.03762690722942352,0.04269608482718468,0.05919851362705231,-0.16023948788642883,-0.12052280455827713
cnn_feat_116_std,1077.0,0.0,0.0,0.0,0.0,0.0,0.0,0.0,0.0,0.0
cnn_feat_116_min,1077.0,0.03728942945599556,0.00806431658565998,0.010134376585483551,0.03205050155520439,0.03762690722942352,0.04269608482718468,0.05919851362705231,-0.16023948788642883,-0.12052280455827713
cnn_feat_116_max,1077.0,0.03728942945599556,0.00806431658565998,0.010134376585483551,0.03205050155520439,0.03762690722942352,0.04269608482718468,0.05919851362705231,-0.16023948788642883,-0.12052280455827713
cnn_feat_117_mean,1077.0,0.000510420766659081,0.0006070844829082489,0.0,0.0,0.00029075934435240924,0.0009230843861587346,0.004165792837738991,1.474297285079956,2.9688258171081543
cnn_feat_117_std,1077.0,0.0,0.0,0.0,0.0,0.0,0.0,0.0,0.0,0.0
cnn_feat_117_min,1077.0,0.000510420766659081,0.0006070844829082489,0.0,0.0,0.00029075934435240924,0.0009230843861587346,0.004165792837738991,1.474297285079956,2.9688258171081543
cnn_feat_117_max,1077.0,0.000510420766659081,0.0006070844829082489,0.0,0.0,0.00029075934435240924,0.0009230843861587346,0.004165792837738991,1.474297285079956,2.9688258171081543
cnn_feat_118_mean,1077.0,0.016991741955280304,0.014681780710816383,0.0031353277154266834,0.0047554513439536095,0.010344203561544418,0.027590464800596237,0.057686563581228256,0.9725163578987122,-0.35941383242607117
cnn_feat_118_std,1077.0,0.0,0.0,0.0,0.0,0.0,0.0,0.0,0.0,0.0
cnn_feat_118_min,1077.0,0.016991741955280304,0.014681780710816383,0.0031353277154266834,0.0047554513439536095,0.010344203561544418,0.027590464800596237,0.057686563581228256,0.9725163578987122,-0.35941383242607117
cnn_feat_118_max,1077.0,0.016991741955280304,0.014681780710816383,0.0031353277154266834,0.0047554513439536095,0.010344203561544418,0.027590464800596237,0.057686563581228256,0.9725163578987122,-0.35941383242607117
cnn_feat_119_mean,1077.0,0.024498339742422104,0.01582525111734867,0.0013004052452743053,0.00935146864503622,0.02467270940542221,0.038974642753601074,0.06119208410382271,0.0656144917011261,-1.3111876249313354
cnn_feat_119_std,1077.0,0.0,0.0,0.0,0.0,0.0,0.0,0.0,0.0,0.0
cnn_feat_119_min,1077.0,0.024498339742422104,0.01582525111734867,0.0013004052452743053,0.00935146864503622,0.02467270940542221,0.038974642753601074,0.06119208410382271,0.0656144917011261,-1.3111876249313354
cnn_feat_119_max,1077.0,0.024498339742422104,0.01582525111734867,0.0013004052452743053,0.00935146864503622,0.02467270940542221,0.038974642753601074,0.06119208410382271,0.0656144917011261,-1.3111876249313354
cnn_feat_120_mean,1077.0,0.032427676022052765,0.007224238011986017,0.016596436500549316,0.02758774347603321,0.03333616629242897,0.03646061569452286,0.06195296719670296,0.2901812791824341,1.155960202217102
cnn_feat_120_std,1077.0,0.0,0.0,0.0,0.0,0.0,0.0,0.0,0.0,0.0
cnn_feat_120_min,1077.0,0.032427676022052765,0.007224238011986017,0.016596436500549316,0.02758774347603321,0.03333616629242897,0.03646061569452286,0.06195296719670296,0.2901812791824341,1.155960202217102
cnn_feat_120_max,1077.0,0.032427676022052765,0.007224238011986017,0.016596436500549316,0.02758774347603321,0.03333616629242897,0.03646061569452286,0.06195296719670296,0.2901812791824341,1.155960202217102
cnn_feat_121_mean,1077.0,0.0003266734420321882,0.0005871494067832828,0.0,0.0,0.0,0.0003702341637108475,0.0044107502326369286,2.132284641265869,5.059428691864014
cnn_feat_121_std,1077.0,0.0,0.0,0.0,0.0,0.0,0.0,0.0,0.0,0.0
cnn_feat_121_min,1077.0,0.0003266734420321882,0.0005871494067832828,0.0,0.0,0.0,0.0003702341637108475,0.0044107502326369286,2.132284641265869,5.059428691864014
cnn_feat_121_max,1077.0,0.0003266734420321882,0.0005871494067832828,0.0,0.0,0.0,0.0003702341637108475,0.0044107502326369286,2.132284641265869,5.059428691864014
cnn_feat_122_mean,1077.0,0.04192764684557915,0.008424386382102966,0.01909223012626171,0.03528483211994171,0.04425421357154846,0.04874078184366226,0.06056441366672516,-0.4962824881076813,-0.8504337072372437
cnn_feat_122_std,1077.0,0.0,0.0,0.0,0.0,0.0,0.0,0.0,0.0,0.0
cnn_feat_122_min,1077.0,0.04192764684557915,0.008424386382102966,0.01909223012626171,0.03528483211994171,0.04425421357154846,0.04874078184366226,0.06056441366672516,-0.4962824881076813,-0.8504337072372437
cnn_feat_122_max,1077.0,0.04192764684557915,0.008424386382102966,0.01909223012626171,0.03528483211994171,0.04425421357154846,0.04874078184366226,0.06056441366672516,-0.4962824881076813,-0.8504337072372437
cnn_feat_123_mean,1077.0,0.014894100837409496,0.007249947637319565,0.0006823710864409804,0.009080826304852962,0.014756698161363602,0.020511003211140633,0.03462402895092964,0.10984225571155548,-0.7019979953765869
cnn_feat_123_std,1077.0,0.0,0.0,0.0,0.0,0.0,0.0,0.0,0.0,0.0
cnn_feat_123_min,1077.0,0.014894100837409496,0.007249947637319565,0.0006823710864409804,0.009080826304852962,0.014756698161363602,0.020511003211140633,0.03462402895092964,0.10984225571155548,-0.7019979953765869
cnn_feat_123_max,1077.0,0.014894100837409496,0.007249947637319565,0.0006823710864409804,0.009080826304852962,0.014756698161363602,0.020511003211140633,0.03462402895092964,0.10984225571155548,-0.7019979953765869
cnn_feat_124_mean,1077.0,0.018720965832471848,0.009601910598576069,0.0015121357282623649,0.010353484191000462,0.020324908196926117,0.026891198009252548,0.03475702553987503,-0.36577633023262024,-1.1334255933761597
cnn_feat_124_std,1077.0,0.0,0.0,0.0,0.0,0.0,0.0,0.0,0.0,0.0
cnn_feat_124_min,1077.0,0.018720965832471848,0.009601910598576069,0.0015121357282623649,0.010353484191000462,0.020324908196926117,0.026891198009252548,0.03475702553987503,-0.36577633023262024,-1.1334255933761597
cnn_feat_124_max,1077.0,0.018720965832471848,0.009601910598576069,0.0015121357282623649,0.010353484191000462,0.020324908196926117,0.026891198009252548,0.03475702553987503,-0.36577633023262024,-1.1334255933761597
cnn_feat_125_mean,1077.0,0.0017186871264129877,0.0035181541461497545,0.0,0.0,0.0,0.0007710875361226499,0.01767568103969097,2.0893521308898926,3.1123974323272705
cnn_feat_125_std,1077.0,0.0,0.0,0.0,0.0,0.0,0.0,0.0,0.0,0.0
cnn_feat_125_min,1077.0,0.0017186871264129877,0.0035181541461497545,0.0,0.0,0.0,0.0007710875361226499,0.01767568103969097,2.0893521308898926,3.1123974323272705
cnn_feat_125_max,1077.0,0.0017186871264129877,0.0035181541461497545,0.0,0.0,0.0,0.0007710875361226499,0.01767568103969097,2.0893521308898926,3.1123974323272705
cnn_feat_126_mean,1077.0,0.044150203466415405,0.01216480229049921,0.0202066320925951,0.03406725823879242,0.04215720668435097,0.05444961413741112,0.07468609511852264,0.29903674125671387,-0.9554455876350403
cnn_feat_126_std,1077.0,0.0,0.0,0.0,0.0,0.0,0.0,0.0,0.0,0.0
cnn_feat_126_min,1077.0,0.044150203466415405,0.01216480229049921,0.0202066320925951,0.03406725823879242,0.04215720668435097,0.05444961413741112,0.07468609511852264,0.29903674125671387,-0.9554455876350403
cnn_feat_126_max,1077.0,0.044150203466415405,0.01216480229049921,0.0202066320925951,0.03406725823879242,0.04215720668435097,0.05444961413741112,0.07468609511852264,0.29903674125671387,-0.9554455876350403
cnn_feat_127_mean,1077.0,0.006083128973841667,0.0052147675305604935,0.00017085712170228362,0.0012554163113236427,0.006054369732737541,0.009596800431609154,0.03558127582073212,1.2917301654815674,3.430480480194092
cnn_feat_127_std,1077.0,0.0,0.0,0.0,0.0,0.0,0.0,0.0,0.0,0.0
cnn_feat_127_min,1077.0,0.006083128973841667,0.0052147675305604935,0.00017085712170228362,0.0012554163113236427,0.006054369732737541,0.009596800431609154,0.03558127582073212,1.2917301654815674,3.430480480194092
cnn_feat_127_max,1077.0,0.006083128973841667,0.0052147675305604935,0.00017085712170228362,0.0012554163113236427,0.006054369732737541,0.009596800431609154,0.03558127582073212,1.2917301654815674,3.430480480194092
filtered_mean,1077.0,0.4416339705784447,0.08595832907389975,0.20823178095268444,0.37101878956873685,0.44718758059638697,0.5195497693089195,0.585046107458206,-0.21088168757790435,-0.993448575494396
filtered_std,1077.0,0.374362408654923,0.022042650446271368,0.2641719719972975,0.36218000872068185,0.37285503635063394,0.38664737528366955,0.4581789990007598,0.022871643355151027,1.289602862686566
filtered_min,1077.0,-0.33076907434918423,0.07768484355313612,-0.6241559982299805,-0.373163491487503,-0.3306413292884826,-0.2845171093940735,-0.1050345227122306,-0.3244597103522132,1.1657553857748724
filtered_max,1077.0,1.0005989652490217,0.0064480720557723355,0.955410659313202,0.9999806880950928,0.999994933605194,0.9999971985816956,1.0765132904052734,5.45783335998992,48.988120063474454
